,F000,filter,
,F001,music,
,F002,magnifying-glass,
,F003,envelope-o,
,F0E0,envelope,
,F2B6,envelope-open,
,F42F,envelope-o-small,
,F2B7,envelope-o-open,
,F430,envelope-o-small-letter,
,F199,envelope-square,
,F004,heart,
,F08A,heart-o,
,F005,star,
,F41E,star-small,
,F089,star-half,
,F006,star-o,
,F123,star-half-o,
,F185,sun-o,
,F186,moon-o,
,F496,thumbs-o-up,
,F497,thumbs-o-down,
,F087,thumbs-o-up-small,
,F088,thumbs-o-down-small,
,F164,thumbs-up,
,F165,thumbs-down,
,F2C0,user-o,
,F007,user,
,F234,user-add,
,F235,user-del,
,F2BD,profile-circle,
,F2BE,profile-circle-o,
,F008,movie,
,F0CE,table,
,F009,table-2x2,
,F00A,table-3x3,
,F00B,table-2x2-stretch-last,
,F00C,tick,
,F42E,tick-thin,
,F00D,cross,
,F467,cross-thin,
,F00E,zoom-in,
,F010,zoom-out,
,F011,power-on,
,F012,signal-full,
,F013,gear,
,F085,gears,
,F1F8,trash-bin-thick,
,F48E,trash-bin-tall,
,F014,trash-bin-small,
,F015,house,
,F46D,house-o,
,F017,9-o-clock,
,F43A,3-o-clock,
,F018,a-styled,
,F019,download,
,F01A,arrow-circle-o-down,
,F01B,arrow-circle-o-up,
,F01C,drawer,
,F01E,reload-right,
,F0E2,reload-left,
,F021,refresh,
,F46A,refresh-small,
,F1DA,scheduled-left,
,F022,drawer-cabinet,
,F023,padlock-closed,
,F13E,padlock-broken,
,F09C,padlock-open,
,F456,padlock-o-closed,
,F23E,padlock-circle,
,F024,flag,
,F11D,flag-o,
,F11E,flag-checkered,
,F2B4,flag-still,
,F025,headphones,
,F026,volume-mute,
,F027,volume-mid,
,F028,volume-max,
,F466,speaker-mute,
,F485,speaker-unmute,
,F029,qr-code,
,F02A,bar-code,
,F412,tag-o,
,F02B,tag,
,F02C,tags,
,F02D,books,
,F02E,flag-favorite,
,F097,flag-favorite-o,
,F461,favorite-star,
,F02F,print-document,
,F030,camera,
,F083,camera-retro-square,
,F446,camera-retro-flash,
,F447,camera-squared,
,F03D,camera-rounded,
,F031,A-letter
,F032,B-letter,
,F033,italic,
,F49D,B-letter-alt,
,F034,stretch-font-vertical,
,F035,stretch-font-horizontal,
,F036,align-left,
,F037,align-center,
,F038,align-right,
,F039,align-justified,
,F44E,hamburger-icon,
,F4A6,hamburger-icon-small,
,F03A,list,
,F03B,outdent,
,F03C,indent,
,F03E,image,
,F040,pencil,
,F448,pencil-thin,
,F12D,eraser,
,F041,map-pin,
,F450,map-o-pin,
,F042,contrast,
,F043,drop,
,F044,edit,
,F046,tick-box,
,F047,cursor-move,
,F048,backward,
,F049,fast-backward,
,F04A,rewind,
,F04B,resume,
,F04C,pause,
,F04D,stop,
,F04E,forward,
,F050,fast-forward,
,F051,step-forward,
,F052,eject,
,F01D,resume-circle-o,
,F144,resume-circle,
,F28B,pause-circle,
,F28C,pause-circle-o,
,F28D,stop-circle,
,F28E,stop-circle-o,
,F053,angle-terminal-left,
,F054,angle-terminal-right,
,F077,angle-terminal-up,
,F078,angle-terminal-down,
,F055,plus-circle,
,F056,minus-circle,
,F057,cross-circle,
,F058,tick-circle,
,F059,question-circle,
,F05A,info-circle,
,F06A,exclamation-circle,
,F0A8,arrow-circle-left,
,F0A9,arrow-circle-right,
,F0AA,arrow-circle-up,
,F0AB,arrow-circle-down,
,F05B,aim,
,F29C,question-circle-o,
,F05C,cross-circle-o,
,F05D,tick-circle-o,
,F05E,forbidden-circle,
,F468,forbidden-circle-o,
,F060,arrow-left-thick,
,F061,arrow-right-thick,
,F062,arrow-up-thick,
,F063,arrow-down-thick,
,F064,arrow-curved-right-thick,
,F112,arrow-curved-left-thick,
,F122,arrow-curved-left-doubled-thick,
,F045,arrow-curved-right-square,
,F065,maximize,
,F066,minimize,
,F07D,stretch-vertical,
,F07E,stretch-horizontal,
,F0B2,stretch-all,
,F067,plus-thick,
,F068,minus-thick,
,F44D,plus,
,F48B,minus,
,F069,asterisk,
,F295,percentage-thick,
,F292,numpad,
,F198,hashtag,
,F06B,package-gift,
,F436,package-gift-o,
,F06C,leaf,
,F06D,fire-smoke,
,F490,fire,
,F06E,visible,
,F070,hidden,
,F2A8,confidential,
,F071,exclamation-triangle,
,F421,exclamation-triangle-small,
,F072,airplane,
,F073,calendar,
,F455,calendar-small,
,F133,calendar-o,
,F074,swap-bottom-up,
,F079,cycle,
,F075,chat-balloon,
,F086,chat-balloons,
,F0E5,chat-o-balloon,
,F0E6,chat-o-balloons,
,F1D7,chat-balloons-active,
,F27A,chat-balloon-active,
,F27B,chat-o-balloon-active,
,F41F,chat-square,
,F442,chat-squares,
,F076,magnet,
,F07A,shopping-cart,
,F217,shopping-cart-add,
,F218,shopping-cart-drop,
,F07B,folder-closed,
,F07C,folder-open,
,F114,folder-o-closed,
,F115,folder-o-open,
,F413,folder-2-closed
,F414,folders-2
,F482,folder-link,
,F080,chart-bars,
,F437,chart-bars-small,
,F1FE,chart-area,
,F200,chart-pie,
,F201,chart-line,
,F081,twitter-square,
,F082,facebook-square,
,F084,key-retro,
,F43D,key-modern,
,F08B,exit,
,F08C,linkedin-square,
,F08D,pin,
,F435,angled-pin,
,F08E,export,
,F465,export-small,
,F090,exit-o,
,F091,champion,
,F092,github-square,
,F09B,github,
,F113,github-cat,
,F408,github-big,
,F406,github-cat-big,
,F470,github-text,
,F093,upload,
,F094,lime,
,F095,phone-retro,
,F096,square-o,
,F0C8,square,
,F10C,circle-o-thick,
,F111,circle-thick,
,F1DB,circle,
,F098,phone-square,
,F099,twitter,
,F09A,facebook,
,F09D,credit-card-o,
,F283,credit-card-front,
,F439,credit-card-o-small,
,F09E,rss-feed,
,F143,rss-feed-square,
,F428,rss-small,
,F0A0,drive,
,F0A1,announcement,
,F0A2,bell-o,
,F0F3,bell,
,F49A,bell-alt,
,F1F6,bell-slash,
,F1F7,bell-slash-o,
,F0A3,certificate,
,F0A4,hand-pointing-right,
,F0A5,hand-pointing-left,
,F0A6,hand-pointing-up,
,F0A7,hand-pointing-down,
,F0AC,globe,
,F484,globe-alt,
,F0AD,tool,
,F425,tools,
,F475,router,
,F4A4,router-alt,
,F0AE,routers,
,F233,routers-alt,
,F473,routers-small,
,F0B0,filter,
,F491,laptop-case,
,F0B1,suitcase-lock,
,F0F2,suitcase,
,F0C0,audience,
,F42B,people,
,F0C1,link,
,F44C,link-thin,
,F127,link-broken,
,F0C2,cloud,
,F0ED,cloud-download,
,F0EE,cloud-upload,
,F213,cloud-signal,
,F409,cloud-o-download,
,F40A,cloud-o-upload,
,F216,cloud-draw,
,F0C3,lab,
,F499,lab-alt,
,F0C4,scissors,
,F0C5,copy,
,F440,copy-files,
,F0C6,attachment,
,F0C7,floppy,
,F0C9,list-unordered,
,F0CA,list-bulleted,
,F0CB,list-numbered,
,F0CC,strikethrough,
,F0CD,underline,
,F0D0,magic-stick,
,F0D1,truck,
,F0D2,pinterest-circle,
,F0D3,pinterest-square,
,F0D4,google-plus-square,
,F2B3,google-plus-circle,
,F0D5,google-plus,
,F0D6,one-dollar,
,F0DB,split-dual,
,F0D7,arrow-alt-upr-down,
,F0D8,arrow-alt-upr-up,
,F0D9,arrow-alt-left,
,F0DA,arrow-alt-right,
,F0DC,arrow-alt-up-down,
,F0DD,arrow-alt-bot-down,
,F0DE,arrow-alt-bot-up,
,F0E1,linkedin-in,
,F0E3,hammer,
,F0E4,speedometer,
,F463,speedometer-o,
,F0E7,lightning,
,F0E8,network,
,F0E9,umbrella,
,F0EA,paste,
,F400,lamp-o,
,F0EB,lamp,
,F0EC,reverse,
,F0F0,doctor,
,F0F1,stethoscope,
,F0F4,cup,
,F0F5,cutlery,
,F0F7,building-o,
,F1AD,building,
,F0F8,hospital-o,
,F0F9,ambulance,
,F0FA,suitcase-medical,
,F0FD,hospital-symbol,
,F0FB,fighter-jet,
,F0FC,mug,
,F100,angle-double-left,
,F101,angle-double-right,
,F102,angle-double-up,
,F103,angle-double-down,
,F104,angle-single-left,
,F105,angle-single-right,
,F106,angle-single-up,
,F107,angle-single-down,
,F137,angle-circle-left,
,F138,angle-circle-right,
,F139,angle-circle-up,
,F13A,angle-circle-down,
,F108,all-in-one computer,
,F26C,display,
,F4A9,display-alt,
,F109,notebook,
,F10A,tablet,
,F10B,mobile,
,F498,display-import,
,F10D,quote-open,
,F10E,quote-close,
,F453,quote-o-open,
,F110,loading,
,F4A2,emote-smile,
,F118,emote-o-smile,
,F119,emote-o-sad,
,F11A,emote-o-neutral,
,F11B,joypad,
,F11C,keyboard,
,F40B,keyboard-big,
,F488,window-app,
,F489,window-terminal,
,F120,terminal-cursor,
,F121,code-symbol,
,F124,compass-arrow,
,F125,crop,
,F126,branch,
,F407,merge,
,F1E0,stm,
,F1E1,stm-square,
,F128,?-letter,
,F129,i-letter,
,F12A,!0letter,
,F12B,x-squared-superscript,
,F12C,x-squared-subscript,
,F12E,plug-in,
,F130,microphone,
,F131,microphone-mute,
,F132,shield-half,
,F134,extinguisher,
,F135,rocket,
,F427,missile,
,F136,maxcdn,
,F13B,html5,
,F13C,css3,
,F13D,anchor,
,F140,target,
,F141,ellipsis-h,
,F142,ellipsis-v,
,F145,stamp,
,F0FE,plus-square,
,F146,minus-square,
,F196,plus-squared-o,
,F147,minus-square-o,
,F148,angled-arrow-up,
,F149,angled-arrow-down,
,F14A,check-square,
,F14B,edit-square,
,F14C,export-square,
,F14D,share-square,
,F14E,compass,
,F150,caret-square-o-down,
,F151,caret-square-o-up,
,F152,caret-square-o-right,
,F18E,arrow-circle-o-right,
,F190,arrow-circle-o-left,
,F191,caret-square-o-left,
,F153,euro-sign,
,F154,pound,sign,
,F155,dollar-sign,
,F156,rupee-sign,
,F157,yen-sig,
,F158,ruble-sign,
,F159,won-sign
,F15A,bitcoin-sign,
,F15B,document-empty,
,F15C,document,
,F016,document-o-empty,
,F0F6,document-o,
,F1C1,document-o-adobe,
,F1C2,document-o-word,
,F1C3,document-o-excel,
,F1C4,document-o-powerpoint,
,F1C5,document-o-image,
,F1C6,document-o-compressed,
,F1C7,document-o-audio,
,F1C8,document-o-video,
,F1C9,document-o-code,
,F481,file-o-link,
,F40C,file-o-code,
,F40D,file-o-script,
,F40E,file-o-text,
,F40F,file-o-image,
,F410,file-o-compressed,
,F411,file-o-adobe,
,F471,file-o-binary,
,F4A5,file-o-text,
,F15D,sort-alpha-asc,
,F15E,sort-alpha-desc,
,F160,sort-length-asc,
,F161,sort-length-desc,
,F162,sort-numeric-asc,
,F163,sort-numeric-desc,
,F166,youtube-square,
,F167,youtube,
,F168,xing,
,F169,xing-square,
,F16A,youtube-play,
,F16B,dropbox,
,F16C,stack-overflow,
,F16D,instagram,
,F16E,flickr,
,F170,adn,
,F171,bitbucket,
,F172,bitbucket-sign,
,F173,tumblr,
,F174,tumblr-square,
,F175,arrow-down-thin,
,F176,arrow-down-up,
,F177,arrow-down-left,
,F178,arrow-down-right,
,F179,apple,
,F17A,windows,
,F17B,android,
,F17C,linux,
,F17D,dribbble,
,F17E,skype,
,F180,foursquare,
,F181,trello,
,F182,female,
,F183,male,
,F184,heart-circle,
,F187,box,
,F188,lady-bug,
,F46F,bug,
,F189,vk,
,F18A,weibo,
,F18B,renren,
,F18C,leaf-branch,
,F18D,dialog,
,F192,dot-circle,
,F193,disabled,
,F194,vimeo-square,
,F195,lira-sign,
,F197,spacial-bus,
,F19A,wikipedia,
,F19B,openid,
,F19C,university,
,F19D,graduate,
,F19E,yahoo,
,F1A0,Google-g,
,F1A1,reddit-circle,
,F1A2,reddit-square,
,F1A3,stumbleupon-circle,
,F1A4,stumbleupon,
,F1A5,delicious,
,F1A6,digg,
,F1A7,pied-piper-pp,
,F1A8,pied-piper-alt,
,F1A9,drupal,
,F1AA,joomla,
,F1AB,translator,
,F1AC,fax,
,F1AE,person-arms-open,
,F415,person,
,F1B0,pet,
,F1B1,spoon,
,F1B2,cube,
,F1B3,cubes,
,F1B4,be,
,F1B5,be-squared,
,F1B6,steam,
,F1B7,stream-square,
,F1B8,recycle,
,F1B9,car,
,F1BA,cab,
,F1BB,pine,
,F1BC,spotify,
,F1BD,deviantart,
,F1BE,cloud-thin,
,F1C0,database,
,F472,database-small,
,F1CA,vine,
,F1CB,codepen,
,F1CC,jsfiddle,
,F1CD,target-circle,
,F1CE,circle-notch,
,F1D0,rebel-alliance,
,F1D1,empire,
,F1D2,git-square,
,F1D3,git-text,
,F402,git-fork,
,F418,git-branch,
,F419,git-pr,
,F47F,git-merge,
,F480,git-gist,
,F1D4,hacker-news,
,F1D5,tencent-weibo,
,F1D6,qq,
,F1D8,paper-plane,
,F1D9,paper-plane-o,
,F2C6,paper-plane-circle,
,F1DC,h-letter,
,F1DD,paragraph,
,F1DE,controls-horizontal,
,F462,controls-vertical,
,F1E2,bomb,
,F1E3,futbol,
,F1E4,tty,
,F1E5,binocular,
,F1E6,plug,
,F492,plugged,
,F1E7,slideshare,
,F1E8,twitch,
,F1E9,yelp,
,F1EA,newspaper,
,F1EB,wifi-full
,F1EC,calculator,
,F1ED,paypal,
,F1EE,google-wallet,
,F1F0,cc-visa,
,F1F1,cc-mastercard,
,F1F2,cc-discover,
,F1F3,cc-american-express,
,F1F4,cc-paypal,
,F1F5,cc-stripe,
,F1F9,copyright,
,F1FA,at,
,F486,at-alt,
,F1FB,dropper,
,F1FC,brush,
,F1FD,cake,
,F202,lastfm,
,F203,lastfm-square,
,F204,button-off,
,F205,button-on,
,F206,bicycle.
,F207,bus,
,F208,ioxhost,
,F209,angellist,
,F20A,closed-captioning,
,F20B,shekel-sign,
,F20C,meanpath,
,F20D,buysellads,
,F20E,connectdevelop,
,F210,dashcube,
,F211,forumbee,
,F212,leanpub,
,F214,shirtsinbulk,
,F215,vhs,
,F219,diamond,
,F43B,diamond-half-o,
,F21A,boat,
,F21B,spy-suit,
,F46C,spy-back,
,F21C,motorcycle,
,F21D,street-view,
,F21E,heart-heartbeat,
,F469,heartbeat-signal,
,F221,female-symbol,
,F222,male-symbol,
,F223,mercury,
,F224,transgender,
,F225,transgender-alt,
,F226,venus-double,
,F227,mars-double,
,F228,venus-mars,
,F229,mars-stroke,
,F22A,mars-stroke-v,
,F22B,mars-stroke-h,
,F22C,fsm-connection,
,F22D,fsm-node,
,F417,circuit-pad,
,F493,circuit-footprint,
,F230,facebook-square,
,F231,pinterest,
,F232,whatsapp-circle,
,F236,bed,
,F237,viacoin,
,F238,subway,
,F239,train,
,F23A,medium,
,F23B,y-combinator,
,F23C,optin-monster,
,F23D,opencart,
,F240,battery-full,
,F241,battery-three-quarters,
,F242,battery-half,
,F243,battery-quarter,
,F244,battery-empty,
,F245,pointer,
,F246,caret,
,F247,object-group,
,F248,object-ungroup,
,F249,note,
,F24A,note-o,
,F24B,cc-jcb,
,F24C,cc-dinners-club,
,F24D,duplicate,
,F24E,scales,
,F250,sand-clock-empty,
,F251,sand-clock-half-up,
,F252,sand-clock-half,
,F253,sand-clock-half-down,
,F254,sand-clock-full,
,F255,hand-o-rock,
,F256,hand-o-paper,
,F257,hand-o-scissors,
,F258,hand-o-small,
,F259,hand-o-live-long-prosper,
,F25A,hand-o-pointing-up,
,F25B,hand-o-peace,
,F25C,trademark-symbol,
,F25D,trademark,
,F25E,creative-commons,
,F260,askai,
,F261,askai-rag,
,F262,owl,
,F263,odnoklassniki,
,F264,odnoklassniki-square,
,F265,get-pocket,
,F266,wordpress,
,F267,safari,
,F268,chrome,
,F269,firefox,
,F26A,opera,
,F26B,ie,
,F26D,contao,
,F26E,500px,
,F270,amazon,
,F271,calendar-add,
,F272,calendar-del,
,F273,calendar-decline,
,F274,calendar-accept,
,F275,industry,
,F276,lollipop,
,F277,two-way-sign,
,F45D,one-way-sign,
,F278,privacy-screen-o,
,F279,privacy-screen-o,
,F27C,houzz,
,F27D,vimeo-v,
,F27E,black-tie,
,F280,fonticons,
,F281,reddit-alien,
,F282,edge,
,F284,codiepie,
,F285,origami,
,F286,castle,
,F287,usb,
,F288,product-hunt,
,F289,mixcloud,
,F28A,scribd,
,F290,shopping-bag,
,F291,shopping-basket,
,F293,bluetooth,
,F294,bluetooth-b,
,F296,fox,
,F297,wpbeginner,
,F298,wpforms,
,F299,spring,
,F29A,accessibility,
,F29B,wheelchair-alt,
,F29D,visual-impaired,
,F29E,audio-description,
,F2A0,phone-retro-speaking,
,F2A1,braille,
,F2A2,assistive-listening-systems,
,F2A3,american-sign-language-interpreting,
,F2A4,deaf,
,F2A5,glide,
,F2A6,glide-g,
,F2A7,sign-language,
,F2A9,viadeo,
,F2AA,viadeo-square,
,F2AB,snapchat-circle,
,F2AC,snapchat,
,F2AD,snapchat-square,
,F2AE,pied-piper,
,F2B0,first-order,
,F2B1,yoast,
,F2B2,themeisle,
,F2B5,handshake,
,F2B8,linode,
,F401,agenda-closed,
,F405,agenda-open,
,F403,agenda-arrow-up,
,F404,agenda-arrow-right,
,F2B9,phone-book,
,F2BA,phone-book-o,
,F2BB,id-card,
,F2BC,id-card-o,
,F2C1,id-badge,
,F2C2,id-cards,
,F2C3,id-cards-o,
,F2C4,quora,
,F2C5,free-code-camp,
,F2C7,temperature-high,
,F2C8,temperature-hot,
,F2C9,temperature,
,F2CA,temperature-low,
,F2CB,temperature-frigid,
,F2CC,shower,
,F2CD,shower-bathtub,
,F2CE,omnidirectional,
,F43C,omnidirectional-o,
,F2D0,button-maximize,
,F2D1,button-minimize-icon,
,F2D2,button-duplicate-icon,
,F2D3,button-close,
,F2D4,button-o-close,
,F2D5,bandcamp,
,F2D6,grav,
,F2D7,e-letter,
,F2D8,imdb,
,F2D9,ravelry,
,F2DA,sellcast,
,F2DB,microchip,
,F2DC,winter,
,F2DD,superpowers,
,F2DE,wpexplorer,
,F2E0,meetup,
,F300,alpine,
,F301,aosc,
,F302,apple,
,F303,pencil-alt,
,F304,pen,
,F305,pen-alt,
,F306,spiral-grants,
,F307,devuan,
,F308,docker,
,F309,long-arrow-alt-down,
,F30A,fedora,
,F30B,fedora-o,
,F30C,long-arrow-alt-up,
,F30D,gentoo,
,F30E,linuxmint,
,F30F,linuxmint-inverse,
,F310,mageia,
,F311,mandriva,
,F312,manjaro,
,F313,nixos,
,F314,suse,
,F315,raspberry-pi,
,F316,redhat,
,F317,sabayon,
,F318,slackware,
,F319,slackware-inverse,
,F31A,linux-o,
,F31B,ubuntu,
,F31C,ubuntu-circle,
,F416,regatta-t-shirt,
,F41A,arrow-book-open,
,F41B,exclamation-o-circle,
,F41C,exclamation-o-refresh,
,F41D,exclamation-o-tick,
,F46E,exclamation-o-octagon,
,F420,question-circle-o,
,F422,magnifier,
,F423,engine,
,F424,transmission-tower,
,F426,door-exit,
,F42A,door-enter,
,F429,clipboard-import,
,F42C,mobile,
,F42D,enlarge-horizontal,
,F48C,stretch-horizontal,
,F431,arrow-up-small,
,F432,arrow-right-small,
,F433,arrow-down-small,
,F434,arrow-left-small,
,F47E,arrow-triangle-up,
,F44A,arrow-triangle-right,
,F44B,arrow-triangle-down,
,F438,arrow-triangle-left,
,F478,arrow-tiny-up,
,F45C,arrow-tiny-right,
,F479,arrow-tiny-down,
,F47A,arrow-tiny-left,
,F43E,repo-force-push,
,F43F,chess-king,
,F441,eye,
,F443,arrow-export-left,
,F444,circle-small-centered,
,F445,square-small-centered,
,F449,i-circle,
,F44F,open-close-angled-brackets,
,F451,bulleted-list,
,F452,numbered-list,
,F454,infinity-mirrors,
,F457,squared-o-plus,
,F458,squared-o-minus,
,F459,squared-o-point,
,F45A,squared-o-arrow-right,
,F45B,horizontal-ruler,
,F45E,document-tick,
,F45F,megaphone,
,F47B,prompt-arrow-up,
,F460,prompt-arrow-right,
,F47C,prompt-arrow-down,
,F47D,prompt-arrow-left,
,F464,history,
,F46B,telescope,
,F474,dolly-flatbed,
,F476,no-newline,
,F477,robot-face,
,F483,duck,
,F487,treasure-chest,
,F48A,markdown,
,F48D,smoking,
,F48F,paint-can,
,F494,graduation-cap,
,F495,scale,
,F49B,watch,
,F49C,exclamation-shield,
,F49E,box-open,
,F49F,italic,
,F4A0,tasklist,
,F4A1,verified,
,F4A3,unverified,
,F4A7,plus-small
,F4A8,reply
,F500,user-friends
,F501,user-graduate
,F502,user-lock
,F503,user-minus
,F504,user-ninja
,F505,user-shield
,F506,user-slash
,F507,user-tag
,F508,user-tie
,F509,users-cog
,F50A,first-order-alt
,F50B,fulcrum
,F50C,galactic-republic
,F50D,galactic-senate
,F50E,jedi-order
,F50F,mandalorian
,F510,old-republic
,F511,phoenix-squadron
,F512,sith
,F513,trade-federation
,F514,wolf-pack-battalion
,F515,balance-scale-left
,F516,balance-scale-right
,F517,blender
,F518,book-open
,F519,broadcast-tower
,F51A,broom
,F51B,chalkboard
,F51C,chalkboard-teacher
,F51D,church
,F51E,coins
,F51F,compact-disc
,F520,crow
,F521,crown
,F522,dice
,F523,dice-five
,F524,dice-four
,F525,dice-one
,F526,dice-six
,F527,dice-three
,F528,dice-two
,F529,divide
,F52A,door-closed
,F52B,door-open
,F52C,equals
,F52D,feather
,F52E,frog
,F52F,gas-pump
,F530,glasses
,F531,greater-than
,F532,greater-than-equal
,F533,helicopter
,F534,infinity
,F535,kiwi-bird
,F536,less-than
,F537,less-than-equal
,F538,memory
,F539,microphone-alt-slash
,F53A,money-bill-wave
,F53B,money-bill-wave-alt
,F53C,money-check
,F53D,money-check-alt
,F53E,not-equal
,F53F,palette
,F540,parking
,F541,percentage
,F542,project-diagram
,F543,receipt
,F544,robot
,F545,ruler
,F546,ruler-combined
,F547,ruler-horizontal
,F548,ruler-vertical
,F549,school
,F54A,screwdriver
,F54B,shoe-prints
,F54C,skull
,F54D,smoking-ban
,F54E,store
,F54F,store-alt
,F550,stream
,F551,stroopwafel
,F552,toolbox
,F553,tshirt
,F554,walking
,F555,wallet
,F556,angry
,F557,archway
,F558,atlas
,F559,award
,F55A,backspace
,F55B,bezier-curve
,F55C,bong
,F55D,brush
,F55E,bus-alt
,F55F,cannabis
,F560,check-double
,F561,cocktail
,F562,concierge-bell
,F563,cookie
,F564,cookie-bite
,F565,crop-alt
,F566,digital-tachograph
,F567,dizzy
,F568,drafting-compass
,F569,drum
,F56A,drum-steelpan
,F56B,feather-alt
,F56C,file-contract
,F56D,file-download
,F56E,file-export
,F56F,file-import
,F570,file-invoice
,F571,file-invoice-dollar
,F572,file-prescription
,F573,file-signature
,F574,file-upload
,F575,fill
,F576,fill-drip
,F577,fingerprint
,F578,fish
,F579,flushed
,F57A,frown-open
,F57B,glass-martini-alt
,F57C,globe-africa
,F57D,globe-americas
,F57E,globe-asia
,F57F,grimace
,F580,grin
,F581,grin-alt
,F582,grin-beam
,F583,grin-beam-sweat
,F584,grin-hearts
,F585,grin-squint
,F586,grin-squint-tears
,F587,grin-stars
,F588,grin-tears
,F589,grin-tongue
,F58A,grin-tongue-squint
,F58B,grin-tongue-wink
,F58C,grin-wink
,F58D,grip-horizontal
,F58E,grip-vertical
,F58F,headphones-alt
,F590,headset
,F591,highlighter
,F592,hornbill
,F593,hot-tub
,F594,hotel
,F595,joint
,F596,kiss
,F597,kiss-beam
,F598,kiss-wink-heart
,F599,laugh
,F59A,laugh-beam
,F59B,laugh-squint
,F59C,laugh-wink
,F59D,luggage-cart
,F59E,mailchimp
,F59F,map-marked
,F5A0,map-marked-alt
,F5A1,marker
,F5A2,medal
,F5A3,megaport
,F5A4,meh-blank
,F5A5,meh-rolling-eyes
,F5A6,monument
,F5A7,mortar-pestle
,F5A8,nimblr
,F5A9,blackberry
,F5AA,paint-roller
,F5AB,passport
,F5AC,pen-fancy
,F5AD,pen-nib
,F5AE,pencil-ruler
,F5AF,plane-arrival
,F5B0,plane-departure
,F5B1,prescription
,F5B2,rev
,F5B3,sad-cry
,F5B4,sad-tear
,F5B5,shopware
,F5B6,shuttle-van
,F5B7,signature
,F5B8,smile-beam
,F5B9,book-2
,F5BA,solar-panel
,F5BB,spa
,F5BC,splotch
,F5BD,spray-can
,F5BE,squarespace
,F5BF,stamp
,F5C0,star-half-alt
,F5C1,suitcase-rolling
,F5C2,surprise
,F5C3,swatchbook
,F5C4,swimmer
,F5C5,swimming-pool
,F5C6,themeco
,F5C7,tint-slash
,F5C8,tired
,F5C9,tooth
,F5CA,umbrella-beach
,F5CB,vector-square
,F5CC,weebly
,F5CD,weight-hanging
,F5CE,wine-glass-alt
,F5CF,wix
,F5D0,air-freshener
,F5D1,apple-alt
,F5D2,atom
,F5D3,box
,F5D4,box-cutter
,F5D5,briefcase-2
,F5D6,briefcase-check
,F5D7,bone
,F5D8,briefcase-upload
,F5D9,brightness-1
,F5DA,book-reader
,F5DB,brightness-3
,F5DC,brain
,F5DD,brightness-5
,F5DE,car-alt
,F5DF,car-battery
,F5E0,brightness-auto
,F5E1,car-crash
,F5E2,brush
,F5E3,bug-2
,F5E4,car-side
,F5E5,bullhorn-1
,F5E6,bus
,F5E7,charging-station
,F5E8,cake
,F5E9,cake-layered
,F5EA,cake-variant
,F5EB,directions
,F5EC,calendar-2
,F5ED,calendar-blank
,F5EE,draw-polygon
,F5EF,calendar-clock
,F5F0,calendar-multiple
,F5F1,ello
,F5F2,calendar-plus
,F5F3,calendar-remove
,F5F4,calendar-text
,F5F5,calendar-today
,F5F6,call-made
,F5F7,hackerrank
,F5F8,call-missed
,F5F9,call-received
,F5FA,kaggle
,F5FB,camcorder
,F5FC,laptop-code
,F5FD,layer-group
,F5FE,camcorder-off
,F5FF,camera-1
,F600,camera-enhance
,F601,camera-front
,F602,camera-front-variant
,F603,camera-iris
,F604,camera-party-mode
,F605,camera-rear
,F606,camera-rear-variant
,F607,camera-switch
,F608,camera-timer
,F609,candycane
,F60A,car
,F60B,car-battery
,F60C,car-connected
,F60D,car-wash
,F60E,carrot
,F60F,markdown
,F610,microscope
,F611,cart-plus
,F612,neos
,F613,oil-can
,F614,cash-100
,F615,cash-multiple
,F616,cash-usd
,F617,cast
,F618,cast-connected
,F619,poop
,F61A,cat
,F61B,cellphone
,F61C,cellphone-android
,F61D,cellphone-basic
,F61E,cellphone-dock
,F61F,shapes
,F620,cellphone-link
,F621,star-of-life
,F622,cellphone-settings
,F623,certificate-1
,F624,chair-school
,F625,chart-arc
,F626,chart-areaspline
,F627,chart-bar
,F628,chart-histogram
,F629,chart-line
,F62A,chart-pie
,F62B,check-2
,F62C,check-all
,F62D,checkbox-blank
,F62E,teeth
,F62F,teeth-open
,F630,theater-masks
,F631,checkbox-marked
,F632,checkbox-marked-circle
,F633,checkbox-marked-circle-outline
,F634,checkbox-marked-outline
,F635,checkbox-multiple-blank
,F636,checkbox-multiple-blank-outline
,F637,traffic-light
,F638,checkbox-multiple-marked-outline
,F639,checkerboard
,F63A,chemical-weapon
,F63B,truck-monster
,F63C,truck-pickup
,F63D,chevron-double-right
,F63E,chevron-double-up
,F63F,zhihu
,F640,chevron-left-1
,F641,ad
,F642,alipay
,F643,church
,F644,ankh
,F645,city
,F646,clipboard
,F647,bible
,F648,clipboard-alert
,F649,clipboard-arrow-down
,F64A,business-time
,F64B,clipboard-check
,F64C,clipboard-outline
,F64D,clipboard-text
,F64E,clippy-1
,F64F,city
,F650,clock-end
,F651,comment-dollar
,F652,clock-in
,F653,comments-dollar
,F654,cross
,F655,dharmachakra
,F656,close-box
,F657,close-box-outline
,F658,envelope-open-text
,F659,close-circle-outline
,F65A,close-network
,F65B,close-octagon
,F65C,close-octagon-outline
,F65D,folder-minus
,F65E,folder-plus
,F65F,cloud-check
,F660,cloud-circle
,F661,cloud-download-1
,F662,funnel-dollar
,F663,cloud-off-outline
,F664,gopuram
,F665,hamsa
,F666,haykal
,F667,code-array
,F668,code-braces
,F669,jedi
,F66A,journal-whills
,F66B,kaaba
,F66C,code-greater-than-or-equal
,F66D,khanda
,F66E,code-less-than-or-equal
,F66F,landmark
,F670,code-not-equal-variant
,F671,code-parentheses
,F672,code-string
,F673,code-tags
,F674,mail-bulk
,F675,coffee-1
,F676,menorah
,F677,coin
,F678,mosque
,F679,om
,F67A,comment-account
,F67B,pastafarianism
,F67C,peace
,F67D,comment-alert-outline
,F67E,comment-check
,F67F,place-of-worship
,F680,comment-multiple-outline
,F681,poll
,F682,poll-h
,F683,pray
,F684,praying-hands
,F685,comment-question-outline
,F686,comment-remove-outline
,F687,quran
,F688,search-dollar
,F689,search-location
,F68A,compass-1
,F68B,compass-outline
,F68C,console
,F68D,contact-mail
,F68E,content-copy
,F68F,content-cut
,F690,content-duplicate
,F691,content-paste
,F692,content-save
,F693,content-save-all
,F694,contrast
,F695,contrast-box
,F696,socks
,F697,cookie
,F698,square-root-alt
,F699,star-and-crescent
,F69A,star-of-david
,F69B,synagogue
,F69C,credit-card-scan
,F69D,the-red-yeti
,F69E,crop-free
,F69F,crop-landscape
,F6A0,torah
,F6A1,torii-gate
,F6A2,crosshairs
,F6A3,crosshairs-gps
,F6A4,crown-1
,F6A5,cube
,F6A6,cube-outline
,F6A7,vihara
,F6A8,cube-unfolded
,F6A9,volume-mute
,F6AA,cup-water
,F6AB,currency-btc
,F6AC,currency-eur
,F6AD,yin-yang
,F6AE,currency-inr
,F6AF,acquisitions-incorporated
,F6B0,currency-rub
,F6B1,currency-try
,F6B2,currency-usd
,F6B3,cursor-default
,F6B4,cursor-default-outline
,F6B5,cursor-move
,F6B6,blender-phone
,F6B7,book-dead
,F6B8,database-minus
,F6B9,database-plus
,F6BA,debug-step-into
,F6BB,campground
,F6BC,debug-step-over
,F6BD,decimal-decrease
,F6BE,cat
,F6BF,delete
,F6C0,chair
,F6C1,delta-1
,F6C2,deskphone
,F6C3,cloud-moon
,F6C4,cloud-sun
,F6C5,details
,F6C6,deviantart
,F6C7,diamond
,F6C8,creation
,F6C9,critical-role
,F6CA,d-and-d-beyond
,F6CB,dice-3
,F6CC,dev
,F6CD,dice-5
,F6CE,dice-6
,F6CF,dice-d20
,F6D0,disk-alert
,F6D1,dice-d6
,F6D2,disqus-outline
,F6D3,dog
,F6D4,division-box
,F6D5,dragon
,F6D6,domain
,F6D7,drumstick-bite
,F6D8,dots-vertical
,F6D9,dungeon
,F6DA,drag
,F6DB,drag-horizontal
,F6DC,drag-vertical
,F6DD,file-csv
,F6DE,fist-raised
,F6DF,dribbble
,F6E0,dribbble-box
,F6E1,drone
,F6E2,ghost
,F6E3,hammer
,F6E4,duck
,F6E5,dumbbell
,F6E6,hanukiah
,F6E7,earth-off
,F6E8,hat-wizard
,F6E9,eject-1
,F6EA,elevation-decline
,F6EB,elevation-rise
,F6EC,hiking
,F6ED,hippo
,F6EE,email-open
,F6EF,email-outline
,F6F0,horse
,F6F1,house-damage
,F6F2,hryvnia
,F6F3,emoticon-devil
,F6F4,emoticon-happy
,F6F5,emoticon-neutral
,F6F6,emoticon-poop
,F6F7,emoticon-sad
,F6F8,emoticon-tongue
,F6F9,engine
,F6FA,mask
,F6FB,equal-2
,F6FC,mountain
,F6FD,eraser
,F6FE,escalator
,F6FF,network-wired
,F700,otter
,F701,ethernet-cable-off
,F702,etsy
,F703,evernote
,F704,penny-arcade
,F705,exit-to-app
,F706,export
,F707,eye-1
,F708,eye-off
,F709,eyedropper
,F70A,eyedropper-variant
,F70B,ring
,F70C,running
,F70D,facebook-messenger
,F70E,scroll
,F70F,fan
,F710,fast-forward
,F711,fax
,F712,ferry
,F713,file-2
,F714,skull-crossbones
,F715,slash
,F716,file-cloud
,F717,spider
,F718,file-document
,F719,file-document-box
,F71A,file-excel
,F71B,file-excel-box
,F71C,file-export-1
,F71D,file-find
,F71E,toilet-paper
,F71F,file-import-1
,F720,file-lock
,F721,file-multiple
,F722,tractor
,F723,file-outline
,F724,file-pdf-1
,F725,file-pdf-box
,F726,file-powerpoint
,F727,file-powerpoint-box
,F728,user-injured
,F729,vr-cardboard
,F72A,file-video
,F72B,file-word
,F72C,file-word-box
,F72D,file-xml
,F72E,wind
,F72F,wine-bottle
,F730,wizards-of-the-coast
,F731,think-peaks
,F732,filter-outline
,F733,filter-remove
,F734,filter-remove-outline
,F735,filter-variant
,F736,fingerprint-1
,F737,fire-1
,F738,firefox
,F739,fish
,F73A,flag-1
,F73B,cloud-meatball
,F73C,cloud-moon-rain
,F73D,cloud-rain
,F73E,flag-triangle
,F73F,flag-variant
,F740,cloud-showers-heavy
,F741,flash-auto
,F742,flash-off
,F743,cloud-sun-rain
,F744,flashlight-off
,F745,flattr
,F746,flip-to-back
,F747,democrat
,F748,floppy-1
,F749,flower
,F74A,folder
,F74B,folder-account
,F74C,folder-download
,F74D,flag-usa
,F74E,folder-image
,F74F,folder-lock
,F750,folder-lock-open
,F751,folder-move
,F752,folder-multiple
,F753,meteor
,F754,folder-multiple-outline
,F755,folder-outline
,F756,person-booth
,F757,folder-remove
,F758,folder-upload
,F759,food-1
,F75A,poo-storm
,F75B,rainbow
,F75C,football
,F75D,reacteurope
,F75E,republican
,F75F,smog
,F760,format-align-justify
,F761,format-align-left
,F762,format-align-right
,F763,format-bold
,F764,format-clear
,F765,format-color-fill
,F766,format-float-center
,F767,format-float-left
,F768,format-float-none
,F769,temperature-high
,F76A,format-header-1
,F76B,temperature-low
,F76C,format-header-3
,F76D,format-header-4
,F76E,format-header-5
,F76F,format-header-6
,F770,format-header-decrease
,F771,format-header-equal
,F772,vote-yea
,F773,water
,F774,format-indent-decrease
,F775,format-indent-increase
,F776,format-italic
,F777,format-line-spacing
,F778,adobe
,F779,format-list-bulleted-type
,F77A,artstation
,F77B,atlassian
,F77C,baby
,F77D,baby-carriage
,F77E,format-size
,F77F,format-strikethrough
,F780,biohazard
,F781,blog
,F782,format-superscript
,F783,calendar-day
,F784,calendar-week
,F785,canadian-maple-leaf
,F786,candy-cane
,F787,carrot
,F788,cash-register
,F789,centos
,F78A,format-wrap-top-bottom
,F78B,forum
,F78C,compress-arrows-alt
,F78D,confluence
,F78E,fridge
,F78F,fridge-filled
,F790,dhl
,F791,diaspora
,F792,fullscreen-1
,F793,dumpster
,F794,dumpster-fire
,F795,gamepad-1
,F796,ethernet
,F797,fedex
,F798,fedora
,F799,figma
,F79A,gavel
,F79B,gender-female
,F79C,gifts
,F79D,gender-male-female
,F79E,gender-transgender
,F79F,glass-cheers
,F7A0,glass-whiskey
,F7A1,git
,F7A2,globe-europe
,F7A3,github-circle
,F7A4,grip-lines
,F7A5,grip-lines-vertical
,F7A6,guitar
,F7A7,glass-tulip
,F7A8,glassdoor
,F7A9,heart-broken
,F7AA,holly-berry
,F7AB,horse-head
,F7AC,google
,F7AD,icicles
,F7AE,igloo
,F7AF,intercom
,F7B0,invision
,F7B1,jira
,F7B2,google-circles-group
,F7B3,mendeley
,F7B4,google-controller-off
,F7B5,mitten
,F7B6,mug-hot
,F7B7,google-glass
,F7B8,google-nearby
,F7B9,radiation
,F7BA,radiation-alt
,F7BB,raspberry-pi
,F7BC,redhat
,F7BD,restroom
,F7BE,google-translate
,F7BF,satellite
,F7C0,satellite-dish
,F7C1,grid-off
,F7C2,sd-card
,F7C3,guitar-electric
,F7C4,sim-card
,F7C5,skating
,F7C6,sketch
,F7C7,hanger
,F7C8,hangouts
,F7C9,skiing
,F7CA,skiing-nordic
,F7CB,headphones-box
,F7CC,sleigh
,F7CD,sms
,F7CE,snowboarding
,F7CF,headset-off
,F7D0,snowman
,F7D1,heart-box
,F7D2,snowplow
,F7D3,sourcetree
,F7D4,heart-outline
,F7D5,help
,F7D6,suse
,F7D7,tenge
,F7D8,toilet
,F7D9,tools
,F7DA,tram
,F7DB,home-2
,F7DC,home-modern
,F7DD,home-variant
,F7DE,hops
,F7DF,ubuntu
,F7E0,ups
,F7E1,usps
,F7E2,hotel
,F7E3,yarn
,F7E4,fire-alt
,F7E5,bacon
,F7E6,book-medical
,F7E7,human-male-female
,F7E8,image
,F7E9,image-album
,F7EA,image-area
,F7EB,image-area-close
,F7EC,bread-slice
,F7ED,image-broken-variant
,F7EE,image-filter
,F7EF,cheese
,F7F0,image-filter-center-focus
,F7F1,image-filter-center-focus-weak
,F7F2,clinic-medical
,F7F3,image-filter-frames
,F7F4,image-filter-hdr
,F7F5,comment-medical
,F7F6,image-filter-tilt-shift
,F7F7,crutch
,F7F8,image-multiple
,F7F9,import
,F7FA,inbox-arrow-down
,F7FB,egg
,F7FC,information-outline
,F7FD,instagram-1
,F7FE,instapaper
,F7FF,internet-explorer
,F800,invert-colors
,F801,jeepney
,F802,jira
,F803,jsfiddle
,F804,keg
,F805,hamburger
,F806,hand-middle-finger
,F807,hard-hat
,F808,key-plus
,F809,key-remove
,F80A,key-variant
,F80B,keyboard-2
,F80C,keyboard-backspace
,F80D,keyboard-caps
,F80E,keyboard-close
,F80F,hotdog
,F810,ice-cream
,F811,keyboard-tab
,F812,laptop-medical
,F813,kodi
,F814,label
,F815,label-o
,F816,pepper-hot
,F817,lan-connect
,F818,pizza-slice
,F819,lan-pending
,F81A,language-csharp
,F81B,language-css3
,F81C,language-html5
,F81D,language-javascript
,F81E,language-php
,F81F,language-python
,F820,language-python-text
,F821,laptop-1
,F822,laptop-chromebook
,F823,laptop-mac
,F824,laptop-windows
,F825,lastfm
,F826,launch
,F827,layers-1
,F828,layers-off
,F829,trash-restore
,F82A,trash-restore-alt
,F82B,led-on
,F82C,led-outline
,F82D,led-variant-off
,F82E,led-variant-on
,F82F,user-nurse
,F830,library
,F831,library-books
,F832,library-music
,F833,library-plus
,F834,airbnb
,F835,battle-net
,F836,bootstrap
,F837,buffer
,F838,chromecast
,F839,evernote
,F83A,itch-io
,F83B,salesforce
,F83C,speaker-deck
,F83D,symfony
,F83E,wave-square
,F83F,waze
,F840,yammer
,F841,git-alt
,F842,stackpath
,F843,looks
,F844,loupe
,F845,lumx
,F846,magnet-1
,F847,magnet-on
,F848,magnify
,F849,magnify-minus
,F84A,biking
,F84B,mail-ru
,F84C,border-all
,F84D,map-marker
,F84E,map-marker-circle
,F84F,map-marker-multiple
,F850,border-none
,F851,map-marker-radius
,F852,margin
,F853,border-style
,F854,marker-check
,F855,martini
,F856,material-ui
,F857,math-compass
,F858,maxcdn-1
,F859,medium
,F85A,memory
,F85B,menu
,F85C,menu-down
,F85D,menu-left
,F85E,menu-right
,F85F,menu-up
,F860,message
,F861,message-alert
,F862,message-draw
,F863,fan
,F864,message-outline
,F865,message-processing
,F866,message-reply
,F867,message-reply-text
,F868,message-text
,F869,message-text-outline
,F86A,message-video
,F86B,microphone-1
,F86C,microphone-off
,F86D,icons
,F86E,microphone-settings
,F86F,microphone-variant
,F870,microphone-variant-off
,F871,microsoft
,F872,minecraft
,F873,minus-2
,F874,minus-box
,F875,minus-circle
,F876,minus-circle-outline
,F877,minus-network
,F878,monitor
,F879,phone-alt
,F87A,more
,F87B,phone-square-alt
,F87C,photo-video
,F87D,remove-format
,F87E,mouse-variant
,F87F,mouse-variant-off
,F880,movie
,F881,sort-alpha-down-alt
,F882,sort-alpha-up-alt
,F883,music-box
,F884,sort-amount-down-alt
,F885,sort-amount-up-alt
,F886,sort-numeric-down-alt
,F887,sort-numeric-up-alt
,F888,music-note-half
,F889,music-note-off
,F88A,music-note-quarter
,F88B,music-note-sixteenth
,F88C,music-note-whole
,F88D,nature
,F88E,nature-people
,F88F,navigation
,F890,needle
,F891,spell-check
,F892,nest-thermostat
,F893,new-box
,F894,newspaper
,F895,nfc
,F896,nfc-tap
,F897,voicemail
,F898,nodejs
,F899,note
,F89A,note-outline
,F89B,note-plus
,F89C,note-plus-outline
,F89D,note-text
,F89E,cotton-bureau
,F89F,numeric
,F8A0,numeric-0-box
,F8A1,numeric-0-box-multiple-outline
,F8A2,numeric-0-box-outline
,F8A3,numeric-1-box
,F8A4,numeric-1-box-multiple-outline
,F8A5,numeric-1-box-outline
,F8A6,numeric-2-box
,F8A7,numeric-2-box-multiple-outline
,F8A8,numeric-2-box-outline
,F8A9,numeric-3-box
,F8AA,numeric-3-box-multiple-outline
,F8AB,numeric-3-box-outline
,F8AC,numeric-4-box
,F8AD,numeric-4-box-multiple-outline
,F8AE,numeric-4-box-outline
,F8AF,numeric-5-box
,F8B0,numeric-5-box-multiple-outline
,F8B1,numeric-5-box-outline
,F8B2,numeric-6-box
,F8B3,numeric-6-box-multiple-outline
,F8B4,numeric-6-box-outline
,F8B5,numeric-7-box
,F8B6,numeric-7-box-multiple-outline
,F8B7,numeric-7-box-outline
,F8B8,numeric-8-box
,F8B9,numeric-8-box-multiple-outline
,F8BA,numeric-8-box-outline
,F8BB,numeric-9-box
,F8BC,numeric-9-box-multiple-outline
,F8BD,numeric-9-box-outline
,F8BE,numeric-9-plus-box
,F8BF,numeric-9-plus-box-multiple-outline
,F8C0,numeric-9-plus-box-outline
,F8C1,nutrition
,F8C2,octagon
,F8C3,octagon-outline
,F8C4,odnoklassniki
,F8C5,office
,F8C6,oil
,F8C7,oil-temperature
,F8C8,omega-1
,F8C9,onedrive
,F8CA,open-in-app
,F8CB,open-in-new
,F8CC,openid
,F8CD,opera
,F8CE,ornament
,F8CF,ornament-variant
,F8D0,inbox-arrow-up
,F8D1,owl
,F8D2,package-1
,F8D3,package-down
,F8D4,package-up
,F8D5,package-variant
,F8D6,package-variant-closed
,F8D7,palette
,F8D8,palette-advanced
,F8D9,panda
,F8DA,pandora
,F8DB,panorama
,F8DC,panorama-fisheye
,F8DD,panorama-horizontal
,F8DE,panorama-vertical
,F8DF,panorama-wide-angle
,F8E0,paper-cut-vertical
,F8E1,paperclip
,F8E2,parking
,F8E3,pause-1
,F8E4,pause-circle
,F8E5,pause-circle-outline
,F8E6,pause-octagon
,F8E7,pause-octagon-outline
,F8E8,paw
,F8E9,pen
,F8EA,pencil-2
,F8EB,pencil-box
,F8EC,pencil-box-outline
,F8ED,pencil-lock
,F8EE,pencil-off
,F8EF,percent-1
,F8F0,pharmacy
,F8F1,phone-1
,F8F2,phone-bluetooth
,F8F3,phone-forward
,F8F4,phone-hangup
,F8F5,phone-in-talk
,F8F6,phone-incoming
,F8F7,phone-locked
,F8F8,phone-log
,F8F9,phone-missed
,F8FA,phone-outgoing
,F8FB,phone-paused
,F8FC,phone-settings
,F8FD,phone-voip
,F8FE,pi
,F8FF,pi-box
豈,F900,pig
更,F901,pill
車,F902,pin
賈,F903,pin-off
滑,F904,pine-tree
串,F905,pine-tree-box
句,F906,pinterest
龜,F907,pinterest-box
龜,F908,pizza
契,F909,play
金,F90A,play-box-outline
喇,F90B,play-circle
奈,F90C,play-circle-outline
懶,F90D,play-pause
癩,F90E,play-protected-content
羅,F90F,playlist-minus
蘿,F910,playlist-play
螺,F911,playlist-plus
裸,F912,playlist-remove
邏,F913,playstation
樂,F914,plus
洛,F915,plus-box
烙,F916,plus-circle
珞,F917,plus-circle-multiple-outline
落,F918,plus-circle-outline
酪,F919,plus-network
駱,F91A,plus-one
亂,F91B,pocket
卵,F91C,pokeball
欄,F91D,polaroid
爛,F91E,poll
蘭,F91F,poll-box
鸞,F920,polymer
嵐,F921,popcorn
濫,F922,pound
藍,F923,pound-box
襤,F924,power
拉,F925,power-settings
臘,F926,power-socket
蠟,F927,presentation
廊,F928,presentation-play
朗,F929,printer
浪,F92A,printer-3d
狼,F92B,printer-alert
郎,F92C,professional-hexagon
來,F92D,projector
冷,F92E,projector-screen
勞,F92F,pulse
擄,F930,puzzle
櫓,F931,qr-code
爐,F932,qrcode-scan
盧,F933,quadcopter
老,F934,quality-high
蘆,F935,quicktime
虜,F936,radar
路,F937,radiator
露,F938,radio
魯,F939,radio-handheld
鷺,F93A,radio-tower
碌,F93B,radioactive
祿,F93C,radiobox-blank
綠,F93D,radiobox-marked
菉,F93E,raspberrypi
錄,F93F,ray-end
鹿,F940,ray-end-arrow
論,F941,ray-start
壟,F942,ray-start-arrow
弄,F943,ray-start-end
籠,F944,ray-vertex
聾,F945,lastpass
牢,F946,read
磊,F947,youtube-tv
賂,F948,receipt
雷,F949,record
壘,F94A,record-rec
屢,F94B,recycle
樓,F94C,reddit
淚,F94D,redo
漏,F94E,redo-variant
累,F94F,refresh
縷,F950,regex
陋,F951,relative-scale
勒,F952,reload
肋,F953,remote
凜,F954,rename-box
凌,F955,repeat
稜,F956,repeat-off
綾,F957,repeat-once
菱,F958,replay
陵,F959,reply
讀,F95A,reply-all
拏,F95B,reproduction
樂,F95C,resize-bottom-right
諾,F95D,responsive
丹,F95E,rewind
寧,F95F,ribbon
怒,F960,road
率,F961,road-variant
異,F962,rocket
北,F963,rotate-3d
磻,F964,rotate-left
便,F965,rotate-left-variant
復,F966,rotate-right
不,F967,rotate-right-variant
泌,F968,router-wireless
數,F969,routes
索,F96A,rss
參,F96B,rss-box
塞,F96C,ruler
省,F96D,run-fast
葉,F96E,sale
說,F96F,satellite
殺,F970,satellite-variant
辰,F971,scale
沈,F972,scale-bathroom
拾,F973,school
若,F974,screen-rotation
掠,F975,screen-rotation-lock
略,F976,screwdriver
亮,F977,script
兩,F978,sd
凉,F979,seal
梁,F97A,seat-flat
糧,F97B,seat-flat-angled
良,F97C,seat-individual-suite
諒,F97D,seat-legroom-extra
量,F97E,seat-legroom-normal
勵,F97F,seat-legroom-reduced
呂,F980,seat-recline-extra
女,F981,seat-recline-normal
廬,F982,security
旅,F983,security-network
濾,F984,select
礪,F985,select-all
閭,F986,select-inverse
驪,F987,select-off
麗,F988,selection
黎,F989,send
力,F98A,server
曆,F98B,server-minus
歷,F98C,server-network
轢,F98D,server-network-off
年,F98E,server-off
憐,F98F,server-plus
戀,F990,server-remove
撚,F991,server-security
漣,F992,settings
煉,F993,settings-box
璉,F994,shape-plus
秊,F995,share
練,F996,share-variant
聯,F997,shield
輦,F998,shield-outline
蓮,F999,shopping
連,F99A,shopping-music
鍊,F99B,shredder
列,F99C,shuffle
劣,F99D,shuffle-disabled
咽,F99E,shuffle-variant
烈,F99F,sigma
裂,F9A0,sign-caution
說,F9A1,signal
廉,F9A2,silverware
念,F9A3,silverware-fork
捻,F9A4,silverware-spoon
殮,F9A5,silverware-variant
簾,F9A6,sim
獵,F9A7,sim-alert
令,F9A8,sim-off
囹,F9A9,sitemap-1
寧,F9AA,skip-backward
嶺,F9AB,skip-forward
怜,F9AC,skip-next
玲,F9AD,skip-previous
瑩,F9AE,skype
羚,F9AF,skype-business
聆,F9B0,slack
鈴,F9B1,sleep
零,F9B2,sleep-off
靈,F9B3,smoking
領,F9B4,smoking-off
例,F9B5,snapchat
禮,F9B6,snowman
醴,F9B7,soccer
隸,F9B8,sofa
惡,F9B9,sort
了,F9BA,sort-alphabetical
僚,F9BB,sort-ascending
寮,F9BC,sort-descending
尿,F9BD,sort-numeric
料,F9BE,sort-variant
樂,F9BF,soundcloud
燎,F9C0,source-fork
療,F9C1,source-pull
蓼,F9C2,speaker
遼,F9C3,speaker-off
龍,F9C4,speedometer
暈,F9C5,spellcheck
阮,F9C6,spotify
劉,F9C7,spotlight
杻,F9C8,spotlight-beam
柳,F9C9,square-inc
流,F9CA,square-inc-cash
溜,F9CB,stack-overflow
琉,F9CC,stairs
留,F9CD,star
硫,F9CE,star-circle
紐,F9CF,star-half
類,F9D0,star-off
六,F9D1,star-outline
戮,F9D2,steam
陸,F9D3,steering
倫,F9D4,step-backward
崙,F9D5,step-backward
淪,F9D6,step-forward
輪,F9D7,step-forward
律,F9D8,stethoscope
慄,F9D9,stocking
栗,F9DA,stop
率,F9DB,store
隆,F9DC,store-24-hour
利,F9DD,stove
吏,F9DE,subway-variant
履,F9DF,sunglasses
易,F9E0,swap-horizontal
李,F9E1,swap-vertical
梨,F9E2,swim
泥,F9E3,switch
理,F9E4,sword
痢,F9E5,sync
罹,F9E6,sync-alert
裏,F9E7,sync-off
裡,F9E8,tab
里,F9E9,tab-unselected
離,F9EA,table
匿,F9EB,table-column-plus-after
溺,F9EC,table-column-plus-before
吝,F9ED,table-column-remove
燐,F9EE,table-column-width
璘,F9EF,table-edit
藺,F9F0,table-large
隣,F9F1,table-row-height
鱗,F9F2,table-row-plus-after
麟,F9F3,table-row-plus-before
林,F9F4,table-row-remove
淋,F9F5,tablet
臨,F9F6,tablet-android
立,F9F7,tablet-ipad
笠,F9F8,tag
粒,F9F9,tag-faces
狀,F9FA,tag-multiple
炙,F9FB,tag-outline
識,F9FC,tag-text-outline
什,F9FD,target
茶,F9FE,taxi
刺,F9FF,teamviewer
切,FA00,telegram
度,FA01,television
拓,FA02,television-guide
糖,FA03,temperature-celsius
宅,FA04,temperature-fahrenheit
洞,FA05,temperature-kelvin
暴,FA06,tennis
輻,FA07,tent
行,FA08,terrain
降,FA09,text-to-speech
見,FA0A,text-to-speech-off
廓,FA0B,texture
兀,FA0C,theater
嗀,FA0D,theme-light-dark
﨎,FA0E,thermometer
﨏,FA0F,thermometer-lines
塚,FA10,thumb-down
﨑,FA11,thumb-down-outline
晴,FA12,thumb-up
﨓,FA13,thumb-up-outline
﨔,FA14,thumbs-up-down
凞,FA15,ticket
猪,FA16,ticket-account
益,FA17,ticket-confirmation
礼,FA18,tie
神,FA19,timelapse
祥,FA1A,timer
福,FA1B,timer-10
靖,FA1C,timer-3
精,FA1D,timer-off
羽,FA1E,timer-sand
﨟,FA1F,timetable
蘒,FA20,toggle-switch
﨡,FA21,toggle-switch-off
諸,FA22,tooltip
﨣,FA23,tooltip-edit
﨤,FA24,tooltip-image
逸,FA25,tooltip-outline
都,FA26,tooltip-outline-plus
﨧,FA27,tooltip-text
﨨,FA28,tooth
﨩,FA29,tor
飯,FA2A,traffic-light
飼,FA2B,train
館,FA2C,tram
鶴,FA2D,transcribe
郞,FA2E,transcribe-close
隷,FA2F,transfer
侮,FA30,tree
僧,FA31,trello
免,FA32,trending-down
勉,FA33,trending-neutral
勤,FA34,trending-up
卑,FA35,triangle
喝,FA36,triangle-outline
嘆,FA37,trophy
器,FA38,trophy-award
塀,FA39,trophy-outline
墨,FA3A,trophy-variant
層,FA3B,trophy-variant-outline
屮,FA3C,truck
悔,FA3D,truck-delivery
慨,FA3E,tshirt-crew
憎,FA3F,tshirt-v
懲,FA40,tumblr
敏,FA41,tumblr-reblog
既,FA42,twitch
暑,FA43,twitter
梅,FA44,twitter-box
海,FA45,twitter-circle
渚,FA46,twitter-retweet
漢,FA47,ubuntu-1
煮,FA48,umbraco
爫,FA49,umbrella
琢,FA4A,umbrella-outline
碑,FA4B,undo
社,FA4C,undo-variant
祉,FA4D,unfold-less-horizontal
祈,FA4E,unfold-more-horizontal
祐,FA4F,ungroup
祖,FA50,untappd
祝,FA51,upload-1
禍,FA52,usb
禎,FA53,vector-arrange-above
穀,FA54,vector-arrange-below
突,FA55,vector-circle
節,FA56,vector-circle-variant
練,FA57,vector-combine
縉,FA58,vector-curve
繁,FA59,vector-difference
署,FA5A,vector-difference-ab
者,FA5B,vector-difference-ba
臭,FA5C,vector-intersection
艹,FA5D,vector-line
艹,FA5E,vector-point
著,FA5F,vector-polygon
褐,FA60,vector-polyline
視,FA61,vector-selection
謁,FA62,vector-triangle
謹,FA63,vector-union
賓,FA64,verified
贈,FA65,vibrate
辶,FA66,video
逸,FA67,video-off
難,FA68,video-switch
響,FA69,view-agenda
頻,FA6A,view-array
恵,FA6B,view-carousel
𤋮,FA6C,view-column
舘,FA6D,view-dashboard
﩮,FA6E,view-day
﩯,FA6F,view-grid
並,FA70,view-headline
况,FA71,view-list
全,FA72,view-module
侀,FA73,view-quilt
充,FA74,view-stream
冀,FA75,view-week
勇,FA76,vimeo
勺,FA77,venmo
喝,FA78,vk
啕,FA79,vk-box
喙,FA7A,vk-circle
嗢,FA7B,vlc
塚,FA7C,voicemail
墳,FA7D,volume-high
奄,FA7E,volume-low
奔,FA7F,volume-medium
婢,FA80,volume-off
嬨,FA81,vpn
廒,FA82,walk
廙,FA83,wallet
彩,FA84,wallet-giftcard
徭,FA85,wallet-membership
惘,FA86,wallet-travel
慎,FA87,wan
愈,FA88,watch
憎,FA89,watch-export
慠,FA8A,watch-import
懲,FA8B,water
戴,FA8C,water-off
揄,FA8D,water-percent
搜,FA8E,water-pump
摒,FA8F,weather-cloudy
敖,FA90,weather-fog
晴,FA91,weather-hail
朗,FA92,weather-lightning
望,FA93,weather-night
杖,FA94,weather-partlycloudy
歹,FA95,weather-pouring
殺,FA96,weather-rainy
流,FA97,weather-snowy
滛,FA98,weather-sunny
滋,FA99,weather-sunset
漢,FA9A,weather-sunset-down
瀞,FA9B,weather-sunset-up
煮,FA9C,weather-windy
瞧,FA9D,weather-windy-variant
爵,FA9E,web
犯,FA9F,webcam
猪,FAA0,weight
瑱,FAA1,weight-kilogram
甆,FAA2,whatsapp
画,FAA3,wheelchair-accessibility
瘝,FAA4,white-balance-auto
瘟,FAA5,white-balance-incandescent
益,FAA6,white-balance-iridescent
盛,FAA7,white-balance-sunny
直,FAA8,wifi
睊,FAA9,wifi-off
着,FAAA,wii
磌,FAAB,wikipedia
窱,FAAC,window-close
節,FAAD,window-closed
类,FAAE,window-maximize
絛,FAAF,window-minimize
練,FAB0,window-open
缾,FAB1,window-restore
者,FAB2,windows
荒,FAB3,wordpress
華,FAB4,worker
蝹,FAB5,wrap
襁,FAB6,wrench
覆,FAB7,wunderlist
視,FAB8,xbox
調,FAB9,xbox-controller
諸,FABA,xbox-controller-off
請,FABB,xda
謁,FABC,xing
諾,FABD,xing-box
諭,FABE,xing-circle
謹,FABF,xml
變,FAC0,yeast
贈,FAC1,yelp
輸,FAC2,youtube-play
遲,FAC3,zip-box
醙,FAC4,surround-sound
鉶,FAC5,vector-rectangle
陼,FAC6,playlist-check
難,FAC7,format-line-style
靖,FAC8,format-line-weight
韛,FAC9,translate
響,FACA,voice
頋,FACB,opacity
頻,FACC,near-me
鬒,FACD,clock-alert
龜,FACE,human-pregnant
𢡊,FACF,sticker
𢡄,FAD0,scale-balance
𣏕,FAD1,account-card-details
㮝,FAD2,account-multiple-minus
䀘,FAD3,airplane-landing
䀹,FAD4,airplane-takeoff
𥉉,FAD5,alert-circle-outline
𥳐,FAD6,altimeter
𧻓,FAD7,animation
齃,FAD8,book-minus
龎,FAD9,book-open-page-variant
﫚,FADA,book-plus
﫛,FADB,boombox
﫜,FADC,bullseye
﫝,FADD,comment-remove
﫞,FADE,camera-off
﫟,FADF,check-circle
﫠,FAE0,check-circle-outline
﫡,FAE1,candle
﫢,FAE2,chart-bubble
﫣,FAE3,credit-card-off
﫤,FAE4,cup-off
﫥,FAE5,copyright
﫦,FAE6,cursor-text
﫧,FAE7,delete-forever
﫨,FAE8,delete-sweep
﫩,FAE9,dice-d20
﫪,FAEA,dice-d4
﫫,FAEB,dice-d6
﫬,FAEC,dice-d8
﫭,FAED,disk
﫮,FAEE,email-open-outline
﫯,FAEF,email-variant
﫰,FAF0,ev-station
﫱,FAF1,food-fork-drink
﫲,FAF2,food-off
﫳,FAF3,format-title
﫴,FAF4,google-maps
﫵,FAF5,heart-pulse
﫶,FAF6,highway
﫷,FAF7,home-map-marker
﫸,FAF8,incognito
﫹,FAF9,kettle
﫺,FAFA,lock-plus
﫻,FAFB,login-variant
﫼,FAFC,logout-variant
﫽,FAFD,music-note-bluetooth
﫾,FAFE,music-note-bluetooth-off
﫿,FAFF,page-first
ﬀ,FB00,page-last
ﬁ,FB01,phone-classic
ﬂ,FB02,priority-high
ﬃ,FB03,priority-low
ﬄ,FB04,qqchat
ﬅ,FB05,pool
ﬆ,FB06,rounded-corner
﬇,FB07,rowing
﬈,FB08,saxophone
﬉,FB09,signal-variant
﬊,FB0A,stackexchange-1
﬋,FB0B,subdirectory-arrow-left
﬌,FB0C,subdirectory-arrow-right
﬍,FB0D,textbox
﬎,FB0E,violin
﬏,FB0F,visualstudio
﬐,FB10,wechat
﬑,FB11,watermark
﬒,FB12,file-hidden
ﬓ,FB13,application
ﬔ,FB14,arrow-collapse
ﬕ,FB15,arrow-expand
ﬖ,FB16,bowl
ﬗ,FB17,bridge
﬘,FB18,buffer
﬙,FB19,chip
﬚,FB1A,content-save-settings
﬛,FB1B,dialpad
﬜,FB1C,dictionary
יִ,FB1D,format-horizontal-align-center
ﬞ,FB1E,format-horizontal-align-left
ײַ,FB1F,format-horizontal-align-right
ﬠ,FB20,format-vertical-align-bottom
ﬡ,FB21,format-vertical-align-center
ﬢ,FB22,format-vertical-align-top
ﬣ,FB23,hackernews
ﬤ,FB24,help-circle-outline
ﬥ,FB25,json
ﬦ,FB26,lambda
ﬧ,FB27,matrix
ﬨ,FB28,meteor
﬩,FB29,mixcloud
שׁ,FB2A,sigma-lower
שׂ,FB2B,source-branch
שּׁ,FB2C,source-merge
שּׂ,FB2D,tune
אַ,FB2E,webhook
אָ,FB2F,account-settings
אּ,FB30,account-settings-variant
בּ,FB31,apple-keyboard-caps
גּ,FB32,apple-keyboard-command
דּ,FB33,apple-keyboard-control
הּ,FB34,apple-keyboard-option
וּ,FB35,apple-keyboard-shift
זּ,FB36,box-shadow
﬷,FB37,cards
טּ,FB38,cards-outline
יּ,FB39,cards-playing-outline
ךּ,FB3A,checkbox-multiple-blank-circle
כּ,FB3B,checkbox-multiple-blank-circle-outline
לּ,FB3C,checkbox-multiple-marked-circle
﬽,FB3D,checkbox-multiple-marked-circle-outline
מּ,FB3E,cloud-sync
﬿,FB3F,collage
נּ,FB40,directions-fork
סּ,FB41,eraser-variant
﭂,FB42,face
ףּ,FB43,face-profile
פּ,FB44,file-tree
﭅,FB45,format-annotation-plus
צּ,FB46,gas-cylinder
קּ,FB47,grease-pencil
רּ,FB48,human-female
שּ,FB49,human-greeting
תּ,FB4A,human-handsdown
וֹ,FB4B,human-handsup
בֿ,FB4C,human-male
כֿ,FB4D,information-variant
פֿ,FB4E,lead-pencil
ﭏ,FB4F,map-marker-minus
ﭐ,FB50,map-marker-plus
ﭑ,FB51,marker
ﭒ,FB52,message-plus
ﭓ,FB53,microscope
ﭔ,FB54,move-resize
ﭕ,FB55,move-resize-variant
ﭖ,FB56,paw-off
ﭗ,FB57,phone-minus
ﭘ,FB58,phone-plus
ﭙ,FB59,pot
ﭚ,FB5A,pot-mix
ﭛ,FB5B,serial-port
ﭜ,FB5C,shape-circle-plus
ﭝ,FB5D,shape-polygon-plus
ﭞ,FB5E,shape-rectangle-plus
ﭟ,FB5F,shape-square-plus
ﭠ,FB60,skip-next-circle
ﭡ,FB61,skip-next-circle-outline
ﭢ,FB62,skip-previous-circle
ﭣ,FB63,skip-previous-circle-outline
ﭤ,FB64,spray
ﭥ,FB65,stop-circle
ﭦ,FB66,stop-circle-outline
ﭧ,FB67,test-tube
ﭨ,FB68,text-shadow
ﭩ,FB69,tune-vertical
ﭪ,FB6A,cart-off
ﭫ,FB6B,chart-gantt
ﭬ,FB6C,chart-scatterplot-hexbin
ﭭ,FB6D,chart-timeline
ﭮ,FB6E,discord
ﭯ,FB6F,file-restore
ﭰ,FB70,language-c
ﭱ,FB71,language-cpp
ﭲ,FB72,xaml
ﭳ,FB73,bandcamp
ﭴ,FB74,credit-card-plus
ﭵ,FB75,itunes
ﭶ,FB76,bow-tie
ﭷ,FB77,calendar-range
ﭸ,FB78,currency-usd-off
ﭹ,FB79,flash-red-eye
ﭺ,FB7A,oar
ﭻ,FB7B,piano
ﭼ,FB7C,weather-lightning-rainy
ﭽ,FB7D,weather-snowy-rainy
ﭾ,FB7E,yin-yang
ﭿ,FB7F,tower-beach
ﮀ,FB80,tower-fire
ﮁ,FB81,delete-circle
ﮂ,FB82,dna
ﮃ,FB83,hamburger
ﮄ,FB84,gondola
ﮅ,FB85,inbox-2
ﮆ,FB86,reorder-horizontal
ﮇ,FB87,reorder-vertical
ﮈ,FB88,security-home
ﮉ,FB89,tag-heart
ﮊ,FB8A,skull
ﮋ,FB8B,solid
ﮌ,FB8C,alarm-snooze
ﮍ,FB8D,baby-buggy
ﮎ,FB8E,beaker-2
ﮏ,FB8F,bomb
ﮐ,FB90,calendar-question
ﮑ,FB91,camera-burst
ﮒ,FB92,code-tags-check
ﮓ,FB93,coins-1
ﮔ,FB94,crop-rotate
ﮕ,FB95,developer-board
ﮖ,FB96,do-not-disturb
ﮗ,FB97,do-not-disturb-off
ﮘ,FB98,douban
ﮙ,FB99,emoticon-dead
ﮚ,FB9A,emoticon-excited
ﮛ,FB9B,folder-star
ﮜ,FB9C,format-color-text
ﮝ,FB9D,format-section
ﮞ,FB9E,gradient
ﮟ,FB9F,home-outline
ﮠ,FBA0,message-bulleted
ﮡ,FBA1,message-bulleted-off
ﮢ,FBA2,nuke
ﮣ,FBA3,power-plug
ﮤ,FBA4,power-plug-off
ﮥ,FBA5,publish
ﮦ,FBA6,restore
ﮧ,FBA7,robot
ﮨ,FBA8,format-rotate-90
ﮩ,FBA9,scanner
ﮪ,FBAA,subway
ﮫ,FBAB,timer-sand-empty
ﮬ,FBAC,transit-transfer
ﮭ,FBAD,unity
ﮮ,FBAE,update
ﮯ,FBAF,watch-vibrate
ﮰ,FBB0,angular
ﮱ,FBB1,dolby
﮲,FBB2,emby
﮳,FBB3,lamp
﮴,FBB4,menu-down-outline
﮵,FBB5,menu-up-outline
﮶,FBB6,note-multiple
﮷,FBB7,note-multiple-outline
﮸,FBB8,plex
﮹,FBB9,plane-shield
﮺,FBBA,account-edit
﮻,FBBB,alert-decagram
﮼,FBBC,all-inclusive
﮽,FBBD,angularjs
﮾,FBBE,arrow-down-box
﮿,FBBF,arrow-left-box
﯀,FBC0,arrow-right-box
﯁,FBC1,arrow-up-box
﯂,FBC2,asterisk-2
﯃,FBC3,bomb-off
﯄,FBC4,bootstrap
﯅,FBC5,cards-variant
﯆,FBC6,clipboard-flow
﯇,FBC7,close-outline
﯈,FBC8,coffee-outline
﯉,FBC9,contacts
﯊,FBCA,delete-empty
﯋,FBCB,earth-box
﯌,FBCC,earth-box-off
﯍,FBCD,email-alert
﯎,FBCE,eye-outline
﯏,FBCF,eye-off-outline
﯐,FBD0,fast-forward-outline
﯑,FBD1,feather
﯒,FBD2,find-replace
ﯓ,FBD3,flash-outline
ﯔ,FBD4,format-font
ﯕ,FBD5,format-page-break
ﯖ,FBD6,format-pilcrow
ﯗ,FBD7,garage
ﯘ,FBD8,garage-open
ﯙ,FBD9,github-face
ﯚ,FBDA,google-keep
ﯛ,FBDB,google-photos
ﯜ,FBDC,heart-half-full
ﯝ,FBDD,heart-half
ﯞ,FBDE,heart-half-outline
ﯟ,FBDF,hexagon-multiple
ﯠ,FBE0,hook-1
ﯡ,FBE1,hook-off
ﯢ,FBE2,infinity-2
ﯣ,FBE3,language-swift
ﯤ,FBE4,language-typescript
ﯥ,FBE5,laptop-off
ﯦ,FBE6,lightbulb-on
ﯧ,FBE7,lightbulb-on-outline
ﯨ,FBE8,lock-pattern
ﯩ,FBE9,loop
ﯪ,FBEA,magnify-minus-outline
ﯫ,FBEB,magnify-plus-outline
ﯬ,FBEC,mailbox
ﯭ,FBED,medical-bag
ﯮ,FBEE,message-settings
ﯯ,FBEF,message-settings-variant
ﯰ,FBF0,minus-box-outline
ﯱ,FBF1,network
ﯲ,FBF2,download-network
ﯳ,FBF3,help-network
ﯴ,FBF4,upload-network
ﯵ,FBF5,npm
ﯶ,FBF6,nut
ﯷ,FBF7,octagram
ﯸ,FBF8,page-layout-body
ﯹ,FBF9,page-layout-footer
ﯺ,FBFA,page-layout-header
ﯻ,FBFB,page-layout-sidebar-left
ﯼ,FBFC,page-layout-sidebar-right
ﯽ,FBFD,pencil-circle
ﯾ,FBFE,pentagon
ﯿ,FBFF,pentagon-outline
ﰀ,FC00,pillar
ﰁ,FC01,pistol
ﰂ,FC02,plus-box-outline
ﰃ,FC03,plus-outline
ﰄ,FC04,prescription
ﰅ,FC05,printer-settings
ﰆ,FC06,react
ﰇ,FC07,restart
ﰈ,FC08,rewind-outline
ﰉ,FC09,rhombus
ﰊ,FC0A,rhombus-outline
ﰋ,FC0B,roomba
ﰌ,FC0C,run
ﰍ,FC0D,search-web
ﰎ,FC0E,shovel
ﰏ,FC0F,shovel-off
ﰐ,FC10,signal-2g
ﰑ,FC11,signal-3g
ﰒ,FC12,signal-4g
ﰓ,FC13,signal-hspa
ﰔ,FC14,signal-hspa-plus
ﰕ,FC15,snowflake
ﰖ,FC16,source-commit
ﰗ,FC17,source-commit-end
ﰘ,FC18,source-commit-end-local
ﰙ,FC19,source-commit-local
ﰚ,FC1A,source-commit-next-local
ﰛ,FC1B,source-commit-start
ﰜ,FC1C,source-commit-start-next-local
ﰝ,FC1D,speaker-wireless
ﰞ,FC1E,stadium
ﰟ,FC1F,svg
ﰠ,FC20,tag-plus
ﰡ,FC21,tag-remove
ﰢ,FC22,ticket-percent
ﰣ,FC23,tilde
ﰤ,FC24,treasure-chest
ﰥ,FC25,truck-trailer
ﰦ,FC26,view-parallel
ﰧ,FC27,view-sequential
ﰨ,FC28,washing-machine
ﰩ,FC29,webpack
ﰪ,FC2A,widgets
ﰫ,FC2B,wiiu
ﰬ,FC2C,arrow-down-bold
ﰭ,FC2D,arrow-down-bold-box
ﰮ,FC2E,arrow-down-bold-box-outline
ﰯ,FC2F,arrow-left-bold
ﰰ,FC30,arrow-left-bold-box
ﰱ,FC31,arrow-left-bold-box-outline
ﰲ,FC32,arrow-right-bold
ﰳ,FC33,arrow-right-bold-box
ﰴ,FC34,arrow-right-bold-box-outline
ﰵ,FC35,arrow-up-bold
ﰶ,FC36,arrow-up-bold-box
ﰷ,FC37,arrow-up-bold-box-outline
ﰸ,FC38,cancel
ﰹ,FC39,file-account
ﰺ,FC3A,gesture-double-tap
ﰻ,FC3B,gesture-swipe-down
ﰼ,FC3C,gesture-swipe-left
ﰽ,FC3D,gesture-swipe-right
ﰾ,FC3E,gesture-swipe-up
ﰿ,FC3F,gesture-tap
ﱀ,FC40,gesture-two-double-tap
ﱁ,FC41,gesture-two-tap
ﱂ,FC42,humble-bundle
ﱃ,FC43,kickstarter
ﱄ,FC44,netflix
ﱅ,FC45,onenote
ﱆ,FC46,periscope
ﱇ,FC47,uber
ﱈ,FC48,vector-radius
ﱉ,FC49,xbox-controller-battery-alert
ﱊ,FC4A,xbox-controller-battery-empty
ﱋ,FC4B,xbox-controller-battery-full
ﱌ,FC4C,xbox-controller-battery-low
ﱍ,FC4D,xbox-controller-battery-medium
ﱎ,FC4E,xbox-controller-battery-unknown
ﱏ,FC4F,clipboard-plus
ﱐ,FC50,file-plus
ﱑ,FC51,format-align-bottom
ﱒ,FC52,format-align-middle
ﱓ,FC53,format-align-top
ﱔ,FC54,format-list-checks
ﱕ,FC55,format-quote-open
ﱖ,FC56,grid-large
ﱗ,FC57,heart-off
ﱘ,FC58,music
ﱙ,FC59,music-off
ﱚ,FC5A,tab-plus
ﱛ,FC5B,volume-plus
ﱜ,FC5C,volume-minus
ﱝ,FC5D,volume-mute
ﱞ,FC5E,unfold-less-vertical
ﱟ,FC5F,unfold-more-vertical
ﱠ,FC60,taco
ﱡ,FC61,square-outline
ﱢ,FC62,square
ﱣ,FC63,circle
ﱤ,FC64,circle-outline
ﱥ,FC65,alert-octagram
ﱦ,FC66,atom
ﱧ,FC67,ceiling-light
ﱨ,FC68,chart-bar-stacked
ﱩ,FC69,chart-line-stacked
ﱪ,FC6A,decagram
ﱫ,FC6B,decagram-outline
ﱬ,FC6C,dice-multiple
ﱭ,FC6D,dice-d10
ﱮ,FC6E,folder-open
ﱯ,FC6F,guitar-acoustic
ﱰ,FC70,loading
ﱱ,FC71,lock-reset
ﱲ,FC72,ninja
ﱳ,FC73,octagram-outline
ﱴ,FC74,pencil-circle-outline
ﱵ,FC75,selection-off
ﱶ,FC76,set-all
ﱷ,FC77,set-center
ﱸ,FC78,set-center-right
ﱹ,FC79,set-left
ﱺ,FC7A,set-left-center
ﱻ,FC7B,set-left-right
ﱼ,FC7C,set-none
ﱽ,FC7D,set-right
ﱾ,FC7E,shield-half-full
ﱿ,FC7F,sign-direction
ﲀ,FC80,sign-text
ﲁ,FC81,signal-off
ﲂ,FC82,square-root
ﲃ,FC83,sticker-emoji
ﲄ,FC84,summit
ﲅ,FC85,sword-cross
ﲆ,FC86,truck-fast
ﲇ,FC87,yammer
ﲈ,FC88,cast-off
ﲉ,FC89,help-box
ﲊ,FC8A,timer-sand-full
ﲋ,FC8B,waves
ﲌ,FC8C,alarm-bell
ﲍ,FC8D,alarm-light
ﲎ,FC8E,android-head
ﲏ,FC8F,approval
ﲐ,FC90,arrow-collapse-down
ﲑ,FC91,arrow-collapse-left
ﲒ,FC92,arrow-collapse-right
ﲓ,FC93,arrow-collapse-up
ﲔ,FC94,arrow-expand-down
ﲕ,FC95,arrow-expand-left
ﲖ,FC96,arrow-expand-right
ﲗ,FC97,arrow-expand-up
ﲘ,FC98,book-secure
ﲙ,FC99,book-unsecure
ﲚ,FC9A,bus-articulated-end
ﲛ,FC9B,bus-articulated-front
ﲜ,FC9C,bus-double-decker
ﲝ,FC9D,bus-school
ﲞ,FC9E,bus-side
ﲟ,FC9F,camera-gopro
ﲠ,FCA0,camera-metering-center
ﲡ,FCA1,camera-metering-matrix
ﲢ,FCA2,camera-metering-partial
ﲣ,FCA3,camera-metering-spot
ﲤ,FCA4,cannabis
ﲥ,FCA5,car-convertible
ﲦ,FCA6,car-estate
ﲧ,FCA7,car-hatchback
ﲨ,FCA8,car-pickup
ﲩ,FCA9,car-side
ﲪ,FCAA,car-sports
ﲫ,FCAB,caravan
ﲬ,FCAC,cctv
ﲭ,FCAD,chart-donut
ﲮ,FCAE,chart-donut-variant
ﲯ,FCAF,chart-line-variant
ﲰ,FCB0,chili-hot
ﲱ,FCB1,chili-medium
ﲲ,FCB2,chili-mild
ﲳ,FCB3,cloud-braces
ﲴ,FCB4,cloud-tags
ﲵ,FCB5,console-line
ﲶ,FCB6,corn
ﲷ,FCB7,currency-chf
ﲸ,FCB8,currency-cny
ﲹ,FCB9,currency-eth
ﲺ,FCBA,currency-jpy
ﲻ,FCBB,currency-krw
ﲼ,FCBC,currency-sign
ﲽ,FCBD,currency-twd
ﲾ,FCBE,desktop-classic
ﲿ,FCBF,dip-switch
ﳀ,FCC0,donkey
ﳁ,FCC1,dots-horizontal-circle
ﳂ,FCC2,dots-vertical-circle
ﳃ,FCC3,ear-hearing
ﳄ,FCC4,elephant
ﳅ,FCC5,eventbrite
ﳆ,FCC6,food-croissant
ﳇ,FCC7,forklift
ﳈ,FCC8,fuel
ﳉ,FCC9,gesture
ﳊ,FCCA,google-analytics
ﳋ,FCCB,google-assistant
ﳌ,FCCC,headphones-off
ﳍ,FCCD,high-definition
ﳎ,FCCE,home-assistant
ﳏ,FCCF,home-automation
ﳐ,FCD0,home-circle
ﳑ,FCD1,language-go
ﳒ,FCD2,language-r
ﳓ,FCD3,lava-lamp
ﳔ,FCD4,led-strip
ﳕ,FCD5,locker
ﳖ,FCD6,locker-multiple
ﳗ,FCD7,map-marker-outline
ﳘ,FCD8,metronome
ﳙ,FCD9,metronome-tick
ﳚ,FCDA,micro-sd
ﳛ,FCDB,mixer
ﳜ,FCDC,movie-roll
ﳝ,FCDD,mushroom
ﳞ,FCDE,mushroom-outline
ﳟ,FCDF,nintendo-switch
ﳠ,FCE0,null
ﳡ,FCE1,passport
ﳢ,FCE2,periodic-table-co2
ﳣ,FCE3,pipe
ﳤ,FCE4,pipe-disconnected
ﳥ,FCE5,power-socket-eu
ﳦ,FCE6,power-socket-uk
ﳧ,FCE7,power-socket-us
ﳨ,FCE8,rice
ﳩ,FCE9,ring-2
ﳪ,FCEA,sass
ﳫ,FCEB,send-secure
ﳬ,FCEC,soy-sauce
ﳭ,FCED,standard-definition
ﳮ,FCEE,surround-sound-2-0
ﳯ,FCEF,surround-sound-3-1
ﳰ,FCF0,surround-sound-5-1
ﳱ,FCF1,surround-sound-7-1
ﳲ,FCF2,television-classic
ﳳ,FCF3,textbox-password
ﳴ,FCF4,thought-bubble
ﳵ,FCF5,thought-bubble-outline
ﳶ,FCF6,trackpad
ﳷ,FCF7,ultra-high-definition
ﳸ,FCF8,van-passenger
ﳹ,FCF9,van-utility
ﳺ,FCFA,vanish
ﳻ,FCFB,video-3d
ﳼ,FCFC,wall
ﳽ,FCFD,xmpp
ﳾ,FCFE,account-multiple-plus-outline
ﳿ,FCFF,account-plus-outline
ﴀ,FD00,allo
ﴁ,FD01,artist
ﴂ,FD02,atlassian
ﴃ,FD03,azure
ﴄ,FD04,basketball
ﴅ,FD05,battery-charging-wireless
ﴆ,FD06,battery-charging-wireless-10
ﴇ,FD07,battery-charging-wireless-20
ﴈ,FD08,battery-charging-wireless-30
ﴉ,FD09,battery-charging-wireless-40
ﴊ,FD0A,battery-charging-wireless-50
ﴋ,FD0B,battery-charging-wireless-60
ﴌ,FD0C,battery-charging-wireless-70
ﴍ,FD0D,battery-charging-wireless-80
ﴎ,FD0E,battery-charging-wireless-90
ﴏ,FD0F,battery-charging-wireless-alert
ﴐ,FD10,battery-charging-wireless-outline
ﴑ,FD11,bitcoin
ﴒ,FD12,briefcase-outline
ﴓ,FD13,cellphone-wireless
ﴔ,FD14,clover
ﴕ,FD15,comment-question
ﴖ,FD16,content-save-outline
ﴗ,FD17,delete-restore
ﴘ,FD18,door
ﴙ,FD19,door-closed
ﴚ,FD1A,door-open
ﴛ,FD1B,fan-off
ﴜ,FD1C,file-percent
ﴝ,FD1D,finance
ﴞ,FD1E,flash-circle
ﴟ,FD1F,floor-plan
ﴠ,FD20,forum-outline
ﴡ,FD21,golf
ﴢ,FD22,google-home
ﴣ,FD23,guy-fawkes-mask
ﴤ,FD24,home-account
ﴥ,FD25,home-heart
ﴦ,FD26,hot-tub
ﴧ,FD27,hulu
ﴨ,FD28,ice-cream-1
ﴩ,FD29,image-off
ﴪ,FD2A,karate
ﴫ,FD2B,ladybug
ﴬ,FD2C,notebook
ﴭ,FD2D,phone-return
ﴮ,FD2E,poker-chip
ﴯ,FD2F,shape
ﴰ,FD30,shape-outline
ﴱ,FD31,ship-wheel
ﴲ,FD32,soccer-field
ﴳ,FD33,table-column
ﴴ,FD34,table-of-contents
ﴵ,FD35,table-row
ﴶ,FD36,table-settings
ﴷ,FD37,television-box
ﴸ,FD38,television-classic-off
ﴹ,FD39,television-off
ﴺ,FD3A,towing
ﴻ,FD3B,upload-multiple
ﴼ,FD3C,video-4k-box
ﴽ,FD3D,video-input-antenna
﴾,FD3E,video-input-component
﴿,FD3F,video-input-hdmi
﵀,FD40,video-input-svideo
﵁,FD41,view-dashboard-variant
﵂,FD42,vuejs
﵃,FD43,xamarin
﵄,FD44,xamarin-outline
﵅,FD45,youtube-creator-studio
﵆,FD46,youtube-gaming
